transaction_id,result
1,"Transaction fixed and updated successfully: missing fields filled from database simulation: policy_number. Updated record: {'transaction_id': 1, 'member_id': 1001, 'first_name': 'John', 'last_name': 'Doe', 'date_of_birth': '1985-05-12', 'ssn': '123-45-6789', 'address': '123 Main St', 'policy_number': 'PN-FAKE-12345', 'enrollment_date': '2024-01-01', 'error_code': 'ERR002'}"
2,"Transaction fixed and updated successfully. The missing field, date_of_birth, has been filled in with the following details: 
{
  ""transaction_id"": 2,
  ""member_id"": 1002,
  ""first_name"": ""Jane"",
  ""last_name"": ""Smith"",
  ""date_of_birth"": ""1980-01-01"",
  ""ssn"": ""987-65-4321"",
  ""address"": ""456 Oak Ave"",
  ""policy_number"": ""PN12345"",
  ""enrollment_date"": ""2024-01-02"",
  ""error_code"": ""ERR001""
}"
3,"Transaction fixed and updated successfully. Updated record: {'transaction_id': 3, 'member_id': 1003, 'first_name': 'Bob', 'last_name': 'Johnson', 'date_of_birth': '1970-09-30', 'ssn': '111-22-3333', 'address': '100 Default Ave', 'policy_number': 'PN54321', 'enrollment_date': '2024-01-03', 'error_code': 'ERR003'}"
